title,price_gbp,rating,in_stock,category,price_inr
It's Only the Himalayas,45.17,2,1,Travel,4765.44
Full Moon over Noah’s Ark: An Odyssey to Mount Ararat and Beyond,49.43,4,1,Travel,5214.86
See America: A Celebration of Our National Parks & Treasured Sites,48.87,3,1,Travel,5155.78
Vagabonding: An Uncommon Guide to the Art of Long-Term World Travel,36.94,2,1,Travel,3897.17
Under the Tuscan Sun,37.33,3,1,Travel,3938.31
A Summer In Europe,44.34,2,1,Travel,4677.87
The Great Railway Bazaar,30.54,1,1,Travel,3221.97
A Year in Provence (Provence #1),56.88,4,1,Travel,6000.84
The Road to Little Dribbling: Adventures of an American in Britain (Notes From a Small Island #2),23.21,1,1,Travel,2448.66
Neither Here nor There: Travels in Europe,38.95,3,1,Travel,4109.23
"1,000 Places to See Before You Die",26.08,5,1,Travel,2751.44
Sharp Objects,47.82,4,1,Mystery,5045.01
"In a Dark, Dark Wood",19.63,1,1,Mystery,2070.96
The Past Never Ends,56.5,4,1,Mystery,5960.75
A Murder in Time,16.64,1,1,Mystery,1755.52
The Murder of Roger Ackroyd (Hercule Poirot #4),44.1,4,1,Mystery,4652.55
The Last Mile (Amos Decker #2),54.21,2,1,Mystery,5719.16
That Darkness (Gardiner and Renner #1),13.92,1,1,Mystery,1468.56
Tastes Like Fear (DI Marnie Rome #3),10.69,1,1,Mystery,1127.79
A Time of Torment (Charlie Parker #14),48.35,5,1,Mystery,5100.92
A Study in Scarlet (Sherlock Holmes #1),16.73,2,1,Mystery,1765.02
Poisonous (Max Revere Novels #3),26.8,3,1,Mystery,2827.4
Murder at the 42nd Street Library (Raymond Ambler #1),54.36,4,1,Mystery,5734.98
Most Wanted,35.28,3,1,Mystery,3722.04
Hide Away (Eve Duncan #20),11.84,1,1,Mystery,1249.12
Boar Island (Anna Pigeon #19),59.48,3,1,Mystery,6275.14
The Widow,27.26,2,1,Mystery,2875.93
Playing with Fire,13.71,3,1,Mystery,1446.41
What Happened on Beale Street (Secrets of the South Mysteries #2),25.37,5,1,Mystery,2676.54
The Bachelor Girl's Guide to Murder (Herringford and Watts Mysteries #1),52.3,5,1,Mystery,5517.65
Delivering the Truth (Quaker Midwife Mystery #1),20.89,4,1,Mystery,2203.9
The Mysterious Affair at Styles (Hercule Poirot #1),24.8,4,1,Mystery,2616.4
In the Woods (Dublin Murder Squad #1),38.38,2,1,Mystery,4049.09
The Silkworm (Cormoran Strike #2),23.05,5,1,Mystery,2431.78
The Exiled,43.45,3,1,Mystery,4583.98
The Cuckoo's Calling (Cormoran Strike #1),19.21,1,1,Mystery,2026.66
Extreme Prey (Lucas Davenport #26),25.4,3,1,Mystery,2679.7
Career of Evil (Cormoran Strike #3),24.72,2,1,Mystery,2607.96
The No. 1 Ladies' Detective Agency (No. 1 Ladies' Detective Agency #1),57.7,4,1,Mystery,6087.35
The Girl You Lost,12.29,5,1,Mystery,1296.59
The Girl In The Ice (DCI Erika Foster #1),15.85,3,1,Mystery,1672.18
Blood Defense (Samantha Brinkman #1),20.3,3,1,Mystery,2141.65
1st to Die (Women's Murder Club #1),53.98,1,1,Mystery,5694.89
Tipping the Velvet,53.74,1,1,Historical Fiction,5669.57
Forever and Forever: The Courtship of Henry Longfellow and Fanny Appleton,29.69,3,1,Historical Fiction,3132.3
A Flight of Arrows (The Pathfinders #2),55.53,5,1,Historical Fiction,5858.42
The House by the Lake,36.95,1,1,Historical Fiction,3898.23
Mrs. Houdini,30.25,5,1,Historical Fiction,3191.38
The Marriage of Opposites,28.08,4,1,Historical Fiction,2962.44
Glory over Everything: Beyond The Kitchen House,45.84,3,1,Historical Fiction,4836.12
"Love, Lies and Spies",20.55,2,1,Historical Fiction,2168.02
A Paris Apartment,39.01,4,1,Historical Fiction,4115.55
Lilac Girls,17.28,2,1,Historical Fiction,1823.04
The Constant Princess (The Tudor Court #1),16.62,3,1,Historical Fiction,1753.41
The Invention of Wings,37.34,1,1,Historical Fiction,3939.37
World Without End (The Pillars of the Earth #2),32.97,4,1,Historical Fiction,3478.34
The Passion of Dolssa,28.32,5,1,Historical Fiction,2987.76
Girl With a Pearl Earring,26.77,1,1,Historical Fiction,2824.24
Voyager (Outlander #3),21.07,5,1,Historical Fiction,2222.89
The Red Tent,35.66,5,1,Historical Fiction,3762.13
The Last Painting of Sara de Vos,55.55,2,1,Historical Fiction,5860.52
The Guernsey Literary and Potato Peel Pie Society,49.53,1,1,Historical Fiction,5225.42
Girl in the Blue Coat,46.83,2,1,Historical Fiction,4940.56
Between Shades of Gray,20.79,5,1,Historical Fiction,2193.34
While You Were Mine,41.32,5,1,Historical Fiction,4359.26
The Secret Healer,34.56,3,1,Historical Fiction,3646.08
Starlark,25.83,3,1,Historical Fiction,2725.06
Lost Among the Living,27.7,4,1,Historical Fiction,2922.35
A Spy's Devotion (The Regency Spies of London #1),16.97,5,1,Historical Fiction,1790.33
Scott Pilgrim's Precious Little Life (Scott Pilgrim #1),52.29,5,1,Sequential Art,5516.6
Tsubasa: WoRLD CHRoNiCLE 2 (Tsubasa WoRLD CHRoNiCLE #2),16.28,1,1,Sequential Art,1717.54
This One Summer,19.49,4,1,Sequential Art,2056.19
The Nameless City (The Nameless City #1),38.16,4,1,Sequential Art,4025.88
"Saga, Volume 5 (Saga (Collected Editions) #5)",51.04,2,1,Sequential Art,5384.72
"Rat Queens, Vol. 3: Demons (Rat Queens (Collected Editions) #11-15)",50.4,3,1,Sequential Art,5317.2
"Princess Jellyfish 2-in-1 Omnibus, Vol. 01 (Princess Jellyfish 2-in-1 Omnibus #1)",13.61,5,1,Sequential Art,1435.86
"Pop Gun War, Volume 1: Gift",18.97,1,1,Sequential Art,2001.33
Patience,10.16,3,1,Sequential Art,1071.88
"Outcast, Vol. 1: A Darkness Surrounds Him (Outcast #1)",15.44,4,1,Sequential Art,1628.92
orange: The Complete Collection 1 (orange: The Complete Collection #1),48.41,1,1,Sequential Art,5107.25
"Lumberjanes, Vol. 2: Friendship to the Max (Lumberjanes #5-8)",46.91,2,1,Sequential Art,4949.0
"Lumberjanes, Vol. 1: Beware the Kitten Holy (Lumberjanes #1-4)",45.61,3,1,Sequential Art,4811.85
Lumberjanes Vol. 3: A Terrible Plan (Lumberjanes #9-12),19.92,2,1,Sequential Art,2101.56
"I Hate Fairyland, Vol. 1: Madly Ever After (I Hate Fairyland (Compilations) #1-5)",29.17,2,1,Sequential Art,3077.44
I am a Hero Omnibus Volume 1,54.63,3,1,Sequential Art,5763.46
"Giant Days, Vol. 2 (Giant Days #5-8)",22.11,2,1,Sequential Art,2332.6
Danganronpa Volume 1,51.99,4,1,Sequential Art,5484.95
"Codename Baboushka, Volume 1: The Conclave of Death",36.72,4,1,Sequential Art,3873.96
Camp Midnight,17.08,4,1,Sequential Art,1801.94
"Bitch Planet, Vol. 1: Extraordinary Machine (Bitch Planet (Collected Editions))",37.92,2,1,Sequential Art,4000.56
The Shadow Hero (The Shadow Hero),33.14,1,1,Sequential Art,3496.27
"Fables, Vol. 1: Legends in Exile (Fables #1)",41.62,4,1,Sequential Art,4390.91
Batman: The Long Halloween (Batman),36.5,2,1,Sequential Art,3850.75
Batman: The Dark Knight Returns (Batman),15.38,5,1,Sequential Art,1622.59
"Wonder Woman: Earth One, Volume One (Wonder Woman: Earth One #1)",37.34,4,1,Sequential Art,3939.37
"We Are Robin, Vol. 1: The Vigilante Business (We Are Robin #1)",53.9,1,1,Sequential Art,5686.45
Through the Woods,25.38,2,1,Sequential Art,2677.59
Superman Vol. 1: Before Truth (Superman by Gene Luen Yang #1),11.89,5,1,Sequential Art,1254.4
"So Cute It Hurts!!, Vol. 6 (So Cute It Hurts!! #6)",35.43,4,1,Sequential Art,3737.86
Robin War,47.82,3,1,Sequential Art,5045.01
"Red Hood/Arsenal, Vol. 1: Open for Business (Red Hood/Arsenal #1)",25.48,2,1,Sequential Art,2688.14
"Naruto (3-in-1 Edition), Vol. 14: Includes Vols. 40, 41 & 42 (Naruto: Omnibus #14)",38.39,2,1,Sequential Art,4050.14
Lowriders to the Center of the Earth (Lowriders in Space #2),51.51,2,1,Sequential Art,5434.3
El Deafo,57.62,5,1,Sequential Art,6078.91
Batman: Europa,32.01,2,1,Sequential Art,3377.06
Art Ops Vol. 1,48.8,3,1,Sequential Art,5148.4
"Adulthood Is a Myth: A ""Sarah's Scribbles"" Collection",10.9,2,1,Sequential Art,1149.95
"Fruits Basket, Vol. 9 (Fruits Basket #9)",33.95,4,1,Sequential Art,3581.73
Roller Girl,14.1,5,1,Sequential Art,1487.55
"Fruits Basket, Vol. 7 (Fruits Basket #7)",19.57,1,1,Sequential Art,2064.64
"Fruits Basket, Vol. 6 (Fruits Basket #6)",20.96,4,1,Sequential Art,2211.28
"Death Note, Vol. 6: Give-and-Take (Death Note #6)",36.39,3,1,Sequential Art,3839.14
"Fruits Basket, Vol. 5 (Fruits Basket #5)",16.33,1,1,Sequential Art,1722.81
"Death Note, Vol. 5: Whiteout (Death Note #5)",52.41,1,1,Sequential Art,5529.25
"The Demon Prince of Momochi House, Vol. 4 (The Demon Prince of Momochi House #4)",27.88,2,1,Sequential Art,2941.34
"Fruits Basket, Vol. 4 (Fruits Basket #4)",50.44,4,1,Sequential Art,5321.42
"The Wicked + The Divine, Vol. 3: Commercial Suicide (The Wicked + The Divine)",14.41,3,1,Sequential Art,1520.26
"The Sandman, Vol. 3: Dream Country (The Sandman (volumes) #3)",55.55,5,1,Sequential Art,5860.52
"Saga, Volume 3 (Saga (Collected Editions) #3)",21.57,5,1,Sequential Art,2275.64
Prodigy: The Graphic Novel (Legend: The Graphic Novel #2),43.63,3,1,Sequential Art,4602.96
Persepolis: The Story of a Childhood (Persepolis #1-2),39.13,1,1,Sequential Art,4128.22
Original Fake,31.45,3,1,Sequential Art,3317.98
"Grayson, Vol 3: Nemesis (Grayson #3)",42.72,1,1,Sequential Art,4506.96
"Fruits Basket, Vol. 3 (Fruits Basket #3)",45.17,2,1,Sequential Art,4765.44
"Black Butler, Vol. 1 (Black Butler #1)",49.31,1,1,Sequential Art,5202.2
Awkward,38.02,2,1,Sequential Art,4011.11
"The Sandman, Vol. 2: The Doll's House (The Sandman (volumes) #2)",54.81,1,1,Sequential Art,5782.46
"Saga, Volume 2 (Saga (Collected Editions) #2)",11.75,3,1,Sequential Art,1239.62
"Fruits Basket, Vol. 2 (Fruits Basket #2)",11.64,5,1,Sequential Art,1228.02
"Y: The Last Man, Vol. 1: Unmanned (Y: The Last Man #1)",18.51,4,1,Sequential Art,1952.8
"The Wicked + The Divine, Vol. 1: The Faust Act (The Wicked + The Divine)",36.52,2,1,Sequential Art,3852.86
"The Sandman, Vol. 1: Preludes and Nocturnes (The Sandman (volumes) #1)",54.12,3,1,Sequential Art,5709.66
The Complete Maus (Maus #1-2),10.64,3,1,Sequential Art,1122.52
"Skip Beat!, Vol. 01 (Skip Beat! #1)",42.12,3,1,Sequential Art,4443.66
"Saga, Volume 1 (Saga (Collected Editions) #1)",28.48,1,1,Sequential Art,3004.64
"Rat Queens, Vol. 1: Sass & Sorcery (Rat Queens (Collected Editions) #1-5)",46.96,5,1,Sequential Art,4954.28
"Paper Girls, Vol. 1 (Paper Girls #1-5)",21.71,4,1,Sequential Art,2290.41
"Ouran High School Host Club, Vol. 1 (Ouran High School Host Club #1)",29.87,3,1,Sequential Art,3151.29
"Ms. Marvel, Vol. 1: No Normal (Ms. Marvel (2014-2015) #1)",39.39,4,1,Sequential Art,4155.65
"Hawkeye, Vol. 1: My Life as a Weapon (Hawkeye #1)",45.24,3,1,Sequential Art,4772.82
"Giant Days, Vol. 1 (Giant Days #1-4)",56.76,4,1,Sequential Art,5988.18
"Fruits Basket, Vol. 1 (Fruits Basket #1)",40.28,5,1,Sequential Art,4249.54
"Bleach, Vol. 1: Strawberry and the Soul Reapers (Bleach #1)",34.65,5,1,Sequential Art,3655.58
"Ajin: Demi-Human, Volume 1 (Ajin: Demi-Human #1)",57.06,4,1,Sequential Art,6019.83
