title,price_raw,star_rating_raw,availability_raw,category
It's Only the Himalayas,£45.17,Two,In stock,Travel
Full Moon over Noah’s Ark: An Odyssey to Mount Ararat and Beyond,£49.43,Four,In stock,Travel
See America: A Celebration of Our National Parks & Treasured Sites,£48.87,Three,In stock,Travel
Vagabonding: An Uncommon Guide to the Art of Long-Term World Travel,£36.94,Two,In stock,Travel
Under the Tuscan Sun,£37.33,Three,In stock,Travel
A Summer In Europe,£44.34,Two,In stock,Travel
The Great Railway Bazaar,£30.54,One,In stock,Travel
A Year in Provence (Provence #1),£56.88,Four,In stock,Travel
The Road to Little Dribbling: Adventures of an American in Britain (Notes From a Small Island #2),£23.21,One,In stock,Travel
Neither Here nor There: Travels in Europe,£38.95,Three,In stock,Travel
"1,000 Places to See Before You Die",£26.08,Five,In stock,Travel
Sharp Objects,£47.82,Four,In stock,Mystery
"In a Dark, Dark Wood",£19.63,One,In stock,Mystery
The Past Never Ends,£56.50,Four,In stock,Mystery
A Murder in Time,£16.64,One,In stock,Mystery
The Murder of Roger Ackroyd (Hercule Poirot #4),£44.10,Four,In stock,Mystery
The Last Mile (Amos Decker #2),£54.21,Two,In stock,Mystery
That Darkness (Gardiner and Renner #1),£13.92,One,In stock,Mystery
Tastes Like Fear (DI Marnie Rome #3),£10.69,One,In stock,Mystery
A Time of Torment (Charlie Parker #14),£48.35,Five,In stock,Mystery
A Study in Scarlet (Sherlock Holmes #1),£16.73,Two,In stock,Mystery
Poisonous (Max Revere Novels #3),£26.80,Three,In stock,Mystery
Murder at the 42nd Street Library (Raymond Ambler #1),£54.36,Four,In stock,Mystery
Most Wanted,£35.28,Three,In stock,Mystery
Hide Away (Eve Duncan #20),£11.84,One,In stock,Mystery
Boar Island (Anna Pigeon #19),£59.48,Three,In stock,Mystery
The Widow,£27.26,Two,In stock,Mystery
Playing with Fire,£13.71,Three,In stock,Mystery
What Happened on Beale Street (Secrets of the South Mysteries #2),£25.37,Five,In stock,Mystery
The Bachelor Girl's Guide to Murder (Herringford and Watts Mysteries #1),£52.30,Five,In stock,Mystery
Delivering the Truth (Quaker Midwife Mystery #1),£20.89,Four,In stock,Mystery
The Mysterious Affair at Styles (Hercule Poirot #1),£24.80,Four,In stock,Mystery
In the Woods (Dublin Murder Squad #1),£38.38,Two,In stock,Mystery
The Silkworm (Cormoran Strike #2),£23.05,Five,In stock,Mystery
The Exiled,£43.45,Three,In stock,Mystery
The Cuckoo's Calling (Cormoran Strike #1),£19.21,One,In stock,Mystery
Extreme Prey (Lucas Davenport #26),£25.40,Three,In stock,Mystery
Career of Evil (Cormoran Strike #3),£24.72,Two,In stock,Mystery
The No. 1 Ladies' Detective Agency (No. 1 Ladies' Detective Agency #1),£57.70,Four,In stock,Mystery
The Girl You Lost,£12.29,Five,In stock,Mystery
The Girl In The Ice (DCI Erika Foster #1),£15.85,Three,In stock,Mystery
Blood Defense (Samantha Brinkman #1),£20.30,Three,In stock,Mystery
1st to Die (Women's Murder Club #1),£53.98,One,In stock,Mystery
Tipping the Velvet,£53.74,One,In stock,Historical Fiction
Forever and Forever: The Courtship of Henry Longfellow and Fanny Appleton,£29.69,Three,In stock,Historical Fiction
A Flight of Arrows (The Pathfinders #2),£55.53,Five,In stock,Historical Fiction
The House by the Lake,£36.95,One,In stock,Historical Fiction
Mrs. Houdini,£30.25,Five,In stock,Historical Fiction
The Marriage of Opposites,£28.08,Four,In stock,Historical Fiction
Glory over Everything: Beyond The Kitchen House,£45.84,Three,In stock,Historical Fiction
"Love, Lies and Spies",£20.55,Two,In stock,Historical Fiction
A Paris Apartment,£39.01,Four,In stock,Historical Fiction
Lilac Girls,£17.28,Two,In stock,Historical Fiction
The Constant Princess (The Tudor Court #1),£16.62,Three,In stock,Historical Fiction
The Invention of Wings,£37.34,One,In stock,Historical Fiction
World Without End (The Pillars of the Earth #2),£32.97,Four,In stock,Historical Fiction
The Passion of Dolssa,£28.32,Five,In stock,Historical Fiction
Girl With a Pearl Earring,£26.77,One,In stock,Historical Fiction
Voyager (Outlander #3),£21.07,Five,In stock,Historical Fiction
The Red Tent,£35.66,Five,In stock,Historical Fiction
The Last Painting of Sara de Vos,£55.55,Two,In stock,Historical Fiction
The Guernsey Literary and Potato Peel Pie Society,£49.53,One,In stock,Historical Fiction
Girl in the Blue Coat,£46.83,Two,In stock,Historical Fiction
Between Shades of Gray,£20.79,Five,In stock,Historical Fiction
While You Were Mine,£41.32,Five,In stock,Historical Fiction
The Secret Healer,£34.56,Three,In stock,Historical Fiction
Starlark,£25.83,Three,In stock,Historical Fiction
Lost Among the Living,£27.70,Four,In stock,Historical Fiction
A Spy's Devotion (The Regency Spies of London #1),£16.97,Five,In stock,Historical Fiction
Scott Pilgrim's Precious Little Life (Scott Pilgrim #1),£52.29,Five,In stock,Sequential Art
Tsubasa: WoRLD CHRoNiCLE 2 (Tsubasa WoRLD CHRoNiCLE #2),£16.28,One,In stock,Sequential Art
This One Summer,£19.49,Four,In stock,Sequential Art
The Nameless City (The Nameless City #1),£38.16,Four,In stock,Sequential Art
"Saga, Volume 5 (Saga (Collected Editions) #5)",£51.04,Two,In stock,Sequential Art
"Rat Queens, Vol. 3: Demons (Rat Queens (Collected Editions) #11-15)",£50.40,Three,In stock,Sequential Art
"Princess Jellyfish 2-in-1 Omnibus, Vol. 01 (Princess Jellyfish 2-in-1 Omnibus #1)",£13.61,Five,In stock,Sequential Art
"Pop Gun War, Volume 1: Gift",£18.97,One,In stock,Sequential Art
Patience,£10.16,Three,In stock,Sequential Art
"Outcast, Vol. 1: A Darkness Surrounds Him (Outcast #1)",£15.44,Four,In stock,Sequential Art
orange: The Complete Collection 1 (orange: The Complete Collection #1),£48.41,One,In stock,Sequential Art
"Lumberjanes, Vol. 2: Friendship to the Max (Lumberjanes #5-8)",£46.91,Two,In stock,Sequential Art
"Lumberjanes, Vol. 1: Beware the Kitten Holy (Lumberjanes #1-4)",£45.61,Three,In stock,Sequential Art
Lumberjanes Vol. 3: A Terrible Plan (Lumberjanes #9-12),£19.92,Two,In stock,Sequential Art
"I Hate Fairyland, Vol. 1: Madly Ever After (I Hate Fairyland (Compilations) #1-5)",£29.17,Two,In stock,Sequential Art
I am a Hero Omnibus Volume 1,£54.63,Three,In stock,Sequential Art
"Giant Days, Vol. 2 (Giant Days #5-8)",£22.11,Two,In stock,Sequential Art
Danganronpa Volume 1,£51.99,Four,In stock,Sequential Art
"Codename Baboushka, Volume 1: The Conclave of Death",£36.72,Four,In stock,Sequential Art
Camp Midnight,£17.08,Four,In stock,Sequential Art
"Bitch Planet, Vol. 1: Extraordinary Machine (Bitch Planet (Collected Editions))",£37.92,Two,In stock,Sequential Art
The Shadow Hero (The Shadow Hero),£33.14,One,In stock,Sequential Art
"Fables, Vol. 1: Legends in Exile (Fables #1)",£41.62,Four,In stock,Sequential Art
Batman: The Long Halloween (Batman),£36.50,Two,In stock,Sequential Art
Batman: The Dark Knight Returns (Batman),£15.38,Five,In stock,Sequential Art
"Wonder Woman: Earth One, Volume One (Wonder Woman: Earth One #1)",£37.34,Four,In stock,Sequential Art
"We Are Robin, Vol. 1: The Vigilante Business (We Are Robin #1)",£53.90,One,In stock,Sequential Art
Through the Woods,£25.38,Two,In stock,Sequential Art
Superman Vol. 1: Before Truth (Superman by Gene Luen Yang #1),£11.89,Five,In stock,Sequential Art
"So Cute It Hurts!!, Vol. 6 (So Cute It Hurts!! #6)",£35.43,Four,In stock,Sequential Art
Robin War,£47.82,Three,In stock,Sequential Art
"Red Hood/Arsenal, Vol. 1: Open for Business (Red Hood/Arsenal #1)",£25.48,Two,In stock,Sequential Art
"Naruto (3-in-1 Edition), Vol. 14: Includes Vols. 40, 41 & 42 (Naruto: Omnibus #14)",£38.39,Two,In stock,Sequential Art
Lowriders to the Center of the Earth (Lowriders in Space #2),£51.51,Two,In stock,Sequential Art
El Deafo,£57.62,Five,In stock,Sequential Art
Batman: Europa,£32.01,Two,In stock,Sequential Art
Art Ops Vol. 1,£48.80,Three,In stock,Sequential Art
"Adulthood Is a Myth: A ""Sarah's Scribbles"" Collection",£10.90,Two,In stock,Sequential Art
"Fruits Basket, Vol. 9 (Fruits Basket #9)",£33.95,Four,In stock,Sequential Art
Roller Girl,£14.10,Five,In stock,Sequential Art
"Fruits Basket, Vol. 7 (Fruits Basket #7)",£19.57,One,In stock,Sequential Art
"Fruits Basket, Vol. 6 (Fruits Basket #6)",£20.96,Four,In stock,Sequential Art
"Death Note, Vol. 6: Give-and-Take (Death Note #6)",£36.39,Three,In stock,Sequential Art
"Fruits Basket, Vol. 5 (Fruits Basket #5)",£16.33,One,In stock,Sequential Art
"Death Note, Vol. 5: Whiteout (Death Note #5)",£52.41,One,In stock,Sequential Art
"The Demon Prince of Momochi House, Vol. 4 (The Demon Prince of Momochi House #4)",£27.88,Two,In stock,Sequential Art
"Fruits Basket, Vol. 4 (Fruits Basket #4)",£50.44,Four,In stock,Sequential Art
"The Wicked + The Divine, Vol. 3: Commercial Suicide (The Wicked + The Divine)",£14.41,Three,In stock,Sequential Art
"The Sandman, Vol. 3: Dream Country (The Sandman (volumes) #3)",£55.55,Five,In stock,Sequential Art
"Saga, Volume 3 (Saga (Collected Editions) #3)",£21.57,Five,In stock,Sequential Art
Prodigy: The Graphic Novel (Legend: The Graphic Novel #2),£43.63,Three,In stock,Sequential Art
Persepolis: The Story of a Childhood (Persepolis #1-2),£39.13,One,In stock,Sequential Art
Original Fake,£31.45,Three,In stock,Sequential Art
"Grayson, Vol 3: Nemesis (Grayson #3)",£42.72,One,In stock,Sequential Art
"Fruits Basket, Vol. 3 (Fruits Basket #3)",£45.17,Two,In stock,Sequential Art
"Black Butler, Vol. 1 (Black Butler #1)",£49.31,One,In stock,Sequential Art
Awkward,£38.02,Two,In stock,Sequential Art
"The Sandman, Vol. 2: The Doll's House (The Sandman (volumes) #2)",£54.81,One,In stock,Sequential Art
"Saga, Volume 2 (Saga (Collected Editions) #2)",£11.75,Three,In stock,Sequential Art
"Fruits Basket, Vol. 2 (Fruits Basket #2)",£11.64,Five,In stock,Sequential Art
"Y: The Last Man, Vol. 1: Unmanned (Y: The Last Man #1)",£18.51,Four,In stock,Sequential Art
"The Wicked + The Divine, Vol. 1: The Faust Act (The Wicked + The Divine)",£36.52,Two,In stock,Sequential Art
"The Sandman, Vol. 1: Preludes and Nocturnes (The Sandman (volumes) #1)",£54.12,Three,In stock,Sequential Art
The Complete Maus (Maus #1-2),£10.64,Three,In stock,Sequential Art
"Skip Beat!, Vol. 01 (Skip Beat! #1)",£42.12,Three,In stock,Sequential Art
"Saga, Volume 1 (Saga (Collected Editions) #1)",£28.48,One,In stock,Sequential Art
"Rat Queens, Vol. 1: Sass & Sorcery (Rat Queens (Collected Editions) #1-5)",£46.96,Five,In stock,Sequential Art
"Paper Girls, Vol. 1 (Paper Girls #1-5)",£21.71,Four,In stock,Sequential Art
"Ouran High School Host Club, Vol. 1 (Ouran High School Host Club #1)",£29.87,Three,In stock,Sequential Art
"Ms. Marvel, Vol. 1: No Normal (Ms. Marvel (2014-2015) #1)",£39.39,Four,In stock,Sequential Art
"Hawkeye, Vol. 1: My Life as a Weapon (Hawkeye #1)",£45.24,Three,In stock,Sequential Art
"Giant Days, Vol. 1 (Giant Days #1-4)",£56.76,Four,In stock,Sequential Art
"Fruits Basket, Vol. 1 (Fruits Basket #1)",£40.28,Five,In stock,Sequential Art
"Bleach, Vol. 1: Strawberry and the Soul Reapers (Bleach #1)",£34.65,Five,In stock,Sequential Art
"Ajin: Demi-Human, Volume 1 (Ajin: Demi-Human #1)",£57.06,Four,In stock,Sequential Art
